{"stats":{"minecraft:custom":{"minecraft:jump":62,"minecraft:damage_dealt":138,"minecraft:time_since_rest":3125,"minecraft:damage_taken":250,"minecraft:leave_game":6,"minecraft:play_time":6702,"minecraft:sprint_one_cm":1962,"minecraft:time_since_death":2261,"minecraft:walk_one_cm":10441,"minecraft:deaths":1,"minecraft:total_world_time":6702,"minecraft:drop":4,"minecraft:fall_one_cm":1045,"minecraft:fly_one_cm":5533},"minecraft:killed_by":{"minecraft:zombie":1},"minecraft:dropped":{"createcafe:coffee_beans":2,"minecraft:wheat_seeds":4},"minecraft:picked_up":{"createcafe:cassava_seeds":1,"createcafe:coffee_beans":3,"minecraft:wheat_seeds":6,"minecraft:acacia_log":4},"minecraft:mined":{"minecraft:grass":15,"minecraft:acacia_log":4},"minecraft:used":{"minecraft:acacia_log":4}},"DataVersion":3465}