{"stats":{"minecraft:killed_by":{"minecraft:zombie":1},"minecraft:custom":{"minecraft:time_since_rest":4327,"minecraft:sprint_one_cm":2386,"minecraft:play_time":7904,"minecraft:deaths":1,"minecraft:damage_taken":250,"minecraft:walk_one_cm":12037,"minecraft:drop":4,"minecraft:jump":72,"minecraft:damage_dealt":168,"minecraft:leave_game":7,"minecraft:time_since_death":3463,"minecraft:total_world_time":7904,"minecraft:fall_one_cm":1045,"minecraft:fly_one_cm":5977},"minecraft:dropped":{"minecraft:wheat_seeds":4,"createcafe:coffee_beans":2},"minecraft:mined":{"minecraft:grass":15,"minecraft:acacia_log":6,"minecraft:grass_block":1},"minecraft:picked_up":{"createcafe:coffee_beans":3,"minecraft:wheat_seeds":6,"minecraft:acacia_log":6,"createcafe:cassava_seeds":2,"minecraft:dirt":1},"minecraft:used":{"minecraft:dirt":1,"minecraft:acacia_log":6}},"DataVersion":3465}