{"stats":{"minecraft:custom":{"minecraft:time_since_rest":7419,"minecraft:sprint_one_cm":2528,"minecraft:play_time":10996,"minecraft:deaths":1,"minecraft:damage_taken":250,"minecraft:walk_one_cm":18023,"minecraft:drop":4,"minecraft:jump":76,"minecraft:damage_dealt":168,"minecraft:leave_game":9,"minecraft:time_since_death":6555,"minecraft:total_world_time":10996,"minecraft:fall_one_cm":1254,"minecraft:fly_one_cm":6654},"minecraft:dropped":{"minecraft:wheat_seeds":4,"createcafe:coffee_beans":2},"minecraft:killed_by":{"minecraft:zombie":1},"minecraft:used":{"minecraft:dirt":5,"minecraft:acacia_log":6},"minecraft:picked_up":{"createcafe:coffee_beans":3,"minecraft:acacia_log":6,"minecraft:wheat_seeds":6,"createcafe:cassava_seeds":2,"minecraft:dirt":5},"minecraft:mined":{"minecraft:grass":15,"minecraft:acacia_log":6,"minecraft:grass_block":2,"minecraft:dirt":3}},"DataVersion":3465}