{"stats":{"minecraft:custom":{"minecraft:time_since_rest":19141,"minecraft:sprint_one_cm":23009,"minecraft:damage_taken":250,"minecraft:walk_one_cm":41714,"minecraft:mob_kills":5,"minecraft:drop":4,"minecraft:damage_dealt":593,"minecraft:interact_with_crafting_table":2,"minecraft:fly_one_cm":35191,"minecraft:crouch_one_cm":130,"minecraft:play_time":22718,"minecraft:deaths":1,"minecraft:sneak_time":68,"minecraft:jump":213,"minecraft:leave_game":10,"minecraft:time_since_death":18277,"minecraft:total_world_time":22718,"minecraft:climb_one_cm":105,"minecraft:fall_one_cm":5043},"minecraft:killed":{"minecraft:pig":3,"minecraft:cow":2},"minecraft:used":{"minecraft:wooden_axe":85,"minecraft:acacia_log":6,"minecraft:wooden_pickaxe":22,"minecraft:dirt":5,"minecraft:crafting_table":1},"minecraft:crafted":{"minecraft:crafting_table":1,"minecraft:stick":4,"minecraft:wooden_pickaxe":1,"minecraft:wooden_axe":1,"minecraft:acacia_planks":12},"minecraft:killed_by":{"minecraft:zombie":1},"minecraft:dropped":{"minecraft:wheat_seeds":4,"createcafe:coffee_beans":2},"minecraft:mined":{"minecraft:crafting_table":1,"minecraft:grass":29,"minecraft:acacia_log":47,"minecraft:grass_block":2,"minecraft:oak_log":9,"minecraft:poppy":11,"minecraft:dirt":3,"minecraft:stone":22,"minecraft:mangrove_propagule":2,"minecraft:oak_leaves":2},"minecraft:broken":{"minecraft:wooden_axe":1},"minecraft:picked_up":{"minecraft:stick":11,"minecraft:crafting_table":1,"minecraft:leather":3,"minecraft:acacia_log":47,"minecraft:porkchop":6,"createcafe:cassava_seeds":3,"minecraft:oak_log":9,"minecraft:dirt":5,"minecraft:apple":1,"createcafe:coffee_beans":3,"minecraft:wheat_seeds":8,"minecraft:beef":3,"minecraft:poppy":11,"minecraft:oak_sapling":4,"minecraft:acacia_sapling":11,"minecraft:mangrove_propagule":2,"minecraft:cobblestone":22}},"DataVersion":3465}