{"stats":{"minecraft:mined":{"minecraft:crafting_table":3,"minecraft:acacia_log":64,"minecraft:grass_block":2,"minecraft:poppy":18,"minecraft:copper_ore":1,"minecraft:tall_grass":1,"minecraft:mangrove_propagule":2,"minecraft:furnace":1,"minecraft:mud":12,"minecraft:grass":59,"minecraft:oak_log":9,"minecraft:dirt":4,"minecraft:stone":22,"minecraft:oak_leaves":2},"minecraft:killed":{"minecraft:pig":7,"minecraft:sheep":9,"minecraft:cow":6},"minecraft:killed_by":{"minecraft:zombie":1},"minecraft:picked_up":{"minecraft:mud":11,"minecraft:crafting_table":3,"minecraft:leather":7,"minecraft:brown_wool":1,"minecraft:oak_log":9,"minecraft:dirt":6,"minecraft:raw_copper":4,"minecraft:cooked_mutton":1,"minecraft:apple":1,"minecraft:wheat_seeds":10,"minecraft:beef":11,"minecraft:poppy":18,"minecraft:light_gray_wool":1,"minecraft:acacia_sapling":14,"minecraft:furnace":1,"minecraft:stick":23,"minecraft:acacia_log":59,"minecraft:porkchop":12,"createcafe:cassava_seeds":5,"createcafe:coffee_beans":4,"minecraft:gray_wool":1,"minecraft:oak_sapling":4,"minecraft:mutton":18,"minecraft:mangrove_propagule":2,"minecraft:white_wool":6,"minecraft:cobblestone":22},"minecraft:crafted":{"minecraft:stone_shovel":1,"minecraft:crafting_table":1,"minecraft:wooden_pickaxe":1,"minecraft:furnace":1,"minecraft:stone_axe":1,"minecraft:cooked_mutton":11,"minecraft:air":0,"minecraft:charcoal":3,"minecraft:stick":4,"minecraft:stone_pickaxe":1,"minecraft:wooden_axe":1,"minecraft:stone_sword":1,"minecraft:acacia_planks":12},"minecraft:dropped":{"minecraft:wheat_seeds":4,"createcafe:coffee_beans":2},"minecraft:custom":{"minecraft:interact_with_furnace":13,"minecraft:mob_kills":22,"minecraft:interact_with_crafting_table":4,"minecraft:leave_game":13,"minecraft:time_since_death":60429,"minecraft:climb_one_cm":133,"minecraft:time_since_rest":61293,"minecraft:sprint_one_cm":58038,"minecraft:damage_taken":350,"minecraft:walk_one_cm":77875,"minecraft:drop":4,"minecraft:damage_dealt":2093,"minecraft:swim_one_cm":1519,"minecraft:fly_one_cm":117517,"minecraft:crouch_one_cm":338,"minecraft:play_time":64870,"minecraft:deaths":1,"minecraft:sneak_time":683,"minecraft:walk_under_water_one_cm":2146,"minecraft:jump":501,"minecraft:walk_on_water_one_cm":4051,"minecraft:total_world_time":64870,"minecraft:fall_one_cm":11459},"minecraft:broken":{"minecraft:wooden_axe":1},"minecraft:used":{"minecraft:cooked_mutton":3,"minecraft:stone_sword":22,"minecraft:acacia_log":6,"minecraft:stone_shovel":8,"minecraft:stone_pickaxe":3,"minecraft:wooden_pickaxe":22,"minecraft:dirt":6,"minecraft:crafting_table":3,"minecraft:acacia_sapling":4,"minecraft:mud":9,"minecraft:wooden_axe":85,"minecraft:apple":1,"minecraft:stone_axe":61,"minecraft:furnace":1}},"DataVersion":3465}