{"stats":{"minecraft:mined":{"minecraft:crafting_table":2,"minecraft:grass":33,"minecraft:acacia_log":64,"minecraft:grass_block":2,"minecraft:oak_log":9,"minecraft:poppy":11,"minecraft:dirt":4,"minecraft:stone":22,"minecraft:mangrove_propagule":2,"minecraft:oak_leaves":2},"minecraft:killed":{"minecraft:pig":4,"minecraft:cow":2},"minecraft:killed_by":{"minecraft:zombie":1},"minecraft:picked_up":{"minecraft:stick":15,"minecraft:crafting_table":2,"minecraft:leather":3,"minecraft:acacia_log":59,"minecraft:porkchop":7,"createcafe:cassava_seeds":3,"minecraft:oak_log":9,"minecraft:dirt":6,"minecraft:apple":1,"createcafe:coffee_beans":4,"minecraft:wheat_seeds":8,"minecraft:beef":3,"minecraft:poppy":11,"minecraft:oak_sapling":4,"minecraft:mangrove_propagule":2,"minecraft:acacia_sapling":14,"minecraft:cobblestone":22},"minecraft:crafted":{"minecraft:stone_shovel":1,"minecraft:crafting_table":1,"minecraft:stick":4,"minecraft:wooden_pickaxe":1,"minecraft:stone_pickaxe":1,"minecraft:wooden_axe":1,"minecraft:stone_sword":1,"minecraft:acacia_planks":12,"minecraft:stone_axe":1},"minecraft:dropped":{"minecraft:wheat_seeds":4,"createcafe:coffee_beans":2},"minecraft:custom":{"minecraft:time_since_rest":25293,"minecraft:sprint_one_cm":26333,"minecraft:damage_taken":250,"minecraft:walk_one_cm":49228,"minecraft:mob_kills":6,"minecraft:drop":4,"minecraft:damage_dealt":673,"minecraft:interact_with_crafting_table":3,"minecraft:fly_one_cm":39755,"minecraft:crouch_one_cm":146,"minecraft:play_time":28870,"minecraft:deaths":1,"minecraft:sneak_time":81,"minecraft:jump":246,"minecraft:leave_game":13,"minecraft:time_since_death":24429,"minecraft:total_world_time":28870,"minecraft:climb_one_cm":105,"minecraft:fall_one_cm":5521},"minecraft:broken":{"minecraft:wooden_axe":1},"minecraft:used":{"minecraft:wooden_axe":85,"minecraft:apple":1,"minecraft:acacia_log":6,"minecraft:wooden_pickaxe":22,"minecraft:stone_axe":24,"minecraft:dirt":6,"minecraft:crafting_table":2,"minecraft:acacia_sapling":4}},"DataVersion":3465}