{"stats":{"minecraft:used":{"minecraft:acacia_log":3},"minecraft:picked_up":{"createcafe:cassava_seeds":1,"minecraft:acacia_log":3},"minecraft:killed_by":{"minecraft:zombie":1},"minecraft:mined":{"minecraft:grass":9,"minecraft:acacia_log":3},"minecraft:custom":{"minecraft:jump":58,"minecraft:damage_dealt":138,"minecraft:time_since_rest":1921,"minecraft:damage_taken":250,"minecraft:leave_game":5,"minecraft:play_time":5498,"minecraft:sprint_one_cm":1910,"minecraft:time_since_death":1057,"minecraft:walk_one_cm":8368,"minecraft:deaths":1,"minecraft:total_world_time":5498,"minecraft:fall_one_cm":836,"minecraft:fly_one_cm":5319}},"DataVersion":3465}