{"stats":{"minecraft:custom":{"minecraft:jump":51,"minecraft:time_since_rest":118,"minecraft:damage_dealt":138,"minecraft:deaths":1,"minecraft:leave_game":4,"minecraft:play_time":3695,"minecraft:sprint_one_cm":1767,"minecraft:damage_taken":250,"minecraft:time_since_death":0,"minecraft:walk_one_cm":7440,"minecraft:total_world_time":3695,"minecraft:fall_one_cm":627,"minecraft:fly_one_cm":4891},"minecraft:killed_by":{"minecraft:zombie":1},"minecraft:mined":{"minecraft:acacia_log":1,"minecraft:grass":9},"minecraft:picked_up":{"createcafe:cassava_seeds":1,"minecraft:acacia_log":1},"minecraft:used":{"minecraft:acacia_log":1}},"DataVersion":3465}