{"stats":{"minecraft:mined":{"minecraft:crafting_table":3,"minecraft:acacia_log":64,"minecraft:grass_block":2,"minecraft:poppy":21,"minecraft:copper_ore":69,"minecraft:tall_grass":1,"minecraft:diorite":5,"minecraft:mangrove_propagule":2,"minecraft:furnace":1,"minecraft:mud":12,"minecraft:iron_ore":2,"minecraft:andesite":9,"minecraft:light_gray_wool":1,"minecraft:grass":66,"minecraft:pointed_dripstone":11,"minecraft:coal_ore":10,"minecraft:oak_log":19,"minecraft:dripstone_block":6,"minecraft:dirt":4,"minecraft:stone":38,"minecraft:oak_leaves":2},"minecraft:killed":{"minecraft:pig":7,"minecraft:sheep":13,"minecraft:cow":6},"minecraft:killed_by":{"minecraft:zombie":1},"minecraft:picked_up":{"minecraft:mud":11,"minecraft:crafting_table":3,"minecraft:andesite":9,"minecraft:leather":7,"minecraft:brown_wool":1,"minecraft:oak_log":17,"minecraft:dirt":8,"minecraft:raw_copper":254,"minecraft:cooked_mutton":1,"minecraft:apple":1,"minecraft:wheat_seeds":10,"minecraft:beef":11,"minecraft:poppy":20,"minecraft:light_gray_wool":4,"minecraft:oak_planks":1,"minecraft:acacia_sapling":14,"minecraft:furnace":1,"minecraft:raw_iron":2,"minecraft:stick":24,"minecraft:acacia_log":59,"minecraft:dripstone_block":6,"minecraft:porkchop":12,"createcafe:cassava_seeds":5,"minecraft:pointed_dripstone":16,"minecraft:diorite":5,"createcafe:coffee_beans":4,"minecraft:gray_wool":1,"minecraft:oak_sapling":6,"minecraft:coal":10,"minecraft:mutton":25,"minecraft:mangrove_propagule":2,"minecraft:white_wool":9,"minecraft:cobblestone":41},"minecraft:dropped":{"minecraft:wheat_seeds":4,"createcafe:coffee_beans":2,"minecraft:oak_planks":1},"minecraft:crafted":{"minecraft:oak_planks":4,"minecraft:stone_shovel":1,"minecraft:crafting_table":1,"minecraft:wooden_pickaxe":1,"minecraft:furnace":1,"minecraft:stone_axe":1,"minecraft:cooked_mutton":11,"minecraft:air":0,"minecraft:charcoal":3,"minecraft:stick":4,"minecraft:stone_pickaxe":1,"minecraft:wooden_axe":1,"minecraft:stone_sword":1,"minecraft:white_bed":1,"minecraft:acacia_planks":12,"minecraft:torch":16},"minecraft:custom":{"minecraft:interact_with_furnace":13,"minecraft:mob_kills":26,"minecraft:interact_with_crafting_table":5,"minecraft:leave_game":13,"minecraft:time_since_death":70969,"minecraft:sleep_in_bed":1,"minecraft:climb_one_cm":133,"minecraft:time_since_rest":7314,"minecraft:sprint_one_cm":67738,"minecraft:damage_taken":430,"minecraft:walk_one_cm":97711,"minecraft:drop":5,"minecraft:damage_dealt":2413,"minecraft:swim_one_cm":2820,"minecraft:fly_one_cm":125752,"minecraft:crouch_one_cm":6694,"minecraft:play_time":75410,"minecraft:deaths":1,"minecraft:sneak_time":3329,"minecraft:walk_under_water_one_cm":2865,"minecraft:jump":602,"minecraft:walk_on_water_one_cm":5027,"minecraft:total_world_time":75410,"minecraft:fall_one_cm":13019},"minecraft:broken":{"minecraft:wooden_axe":1},"minecraft:used":{"minecraft:cooked_mutton":3,"minecraft:stone_sword":29,"minecraft:acacia_log":6,"minecraft:stone_shovel":8,"minecraft:stone_pickaxe":130,"minecraft:oak_planks":1,"minecraft:wooden_pickaxe":22,"minecraft:torch":16,"minecraft:dirt":8,"minecraft:crafting_table":4,"minecraft:white_bed":1,"minecraft:acacia_sapling":4,"minecraft:mud":9,"minecraft:wooden_axe":85,"minecraft:apple":1,"minecraft:light_gray_wool":2,"minecraft:stone_axe":81,"minecraft:cobblestone":16,"minecraft:furnace":1}},"DataVersion":3465}