{"stats":{"minecraft:crafted":{"minecraft:oak_planks":12,"minecraft:stone_axe":1,"minecraft:crafting_table":1,"minecraft:stick":4,"minecraft:wooden_pickaxe":1},"minecraft:custom":{"minecraft:time_since_rest":9314,"minecraft:crouch_one_cm":237,"minecraft:play_time":9314,"minecraft:sprint_one_cm":18419,"minecraft:walk_one_cm":29618,"minecraft:sneak_time":80,"minecraft:walk_under_water_one_cm":1665,"minecraft:jump":110,"minecraft:leave_game":1,"minecraft:time_since_death":9314,"minecraft:walk_on_water_one_cm":1758,"minecraft:total_world_time":9314,"minecraft:interact_with_crafting_table":4,"minecraft:swim_one_cm":7248,"minecraft:fall_one_cm":2717,"minecraft:fly_one_cm":18332},"minecraft:used":{"minecraft:stone_axe":146,"minecraft:dirt":6,"minecraft:crafting_table":1,"minecraft:wooden_pickaxe":32},"minecraft:picked_up":{"minecraft:birch_log":30,"minecraft:stick":25,"minecraft:apple":4,"minecraft:wheat_seeds":1,"minecraft:oak_log":81,"minecraft:poppy":5,"minecraft:oak_sapling":30,"minecraft:birch_sapling":8,"minecraft:dirt":6,"minecraft:cobblestone":32,"minecraft:egg":1},"minecraft:mined":{"minecraft:grass":1,"minecraft:grass_block":1,"minecraft:oak_log":85,"minecraft:poppy":5,"minecraft:dirt":5,"minecraft:birch_log":31,"minecraft:tall_grass":1,"minecraft:stone":32,"minecraft:oak_leaves":3}},"DataVersion":3465}