{"stats":{"minecraft:picked_up":{"minecraft:jungle_log":4,"minecraft:oak_sapling":1},"minecraft:custom":{"minecraft:jump":17,"minecraft:time_since_rest":7985,"minecraft:leave_game":4,"minecraft:play_time":7985,"minecraft:sprint_one_cm":468,"minecraft:damage_taken":10,"minecraft:time_since_death":7985,"minecraft:walk_one_cm":2378,"minecraft:sneak_time":1,"minecraft:total_world_time":7985,"minecraft:climb_one_cm":336,"minecraft:fly_one_cm":394},"minecraft:mined":{"minecraft:jungle_leaves":2,"minecraft:jungle_log":3},"minecraft:used":{"minecraft:jungle_log":4}},"DataVersion":3465}