{"stats":{"minecraft:picked_up":{"minecraft:jungle_log":3,"minecraft:oak_sapling":1},"minecraft:custom":{"minecraft:jump":15,"minecraft:time_since_rest":6742,"minecraft:sprint_one_cm":468,"minecraft:leave_game":3,"minecraft:play_time":6742,"minecraft:damage_taken":10,"minecraft:time_since_death":6742,"minecraft:walk_one_cm":2190,"minecraft:climb_one_cm":336,"minecraft:sneak_time":1,"minecraft:total_world_time":6742,"minecraft:fly_one_cm":394},"minecraft:mined":{"minecraft:jungle_log":2},"minecraft:used":{"minecraft:jungle_log":2}},"DataVersion":3465}