{"stats":{"minecraft:mined":{"minecraft:grass":4,"minecraft:grass_block":1},"minecraft:dropped":{"minecraft:wheat_seeds":1},"minecraft:used":{"minecraft:dirt":1},"minecraft:picked_up":{"minecraft:wheat_seeds":1,"minecraft:dirt":1},"minecraft:custom":{"minecraft:jump":11,"minecraft:time_since_rest":3606,"minecraft:leave_game":1,"minecraft:sprint_one_cm":75,"minecraft:play_time":3606,"minecraft:time_since_death":3606,"minecraft:walk_one_cm":4149,"minecraft:total_world_time":3606,"minecraft:drop":1,"minecraft:fall_one_cm":209,"minecraft:fly_one_cm":269}},"DataVersion":3465}