{
  "minecraft:recipes/decorations/crafting_table": {
    "criteria": {
      "unlock_right_away": "2024-08-18 23:35:49 +0000"
    },
    "done": true
  },
  "minecraft:adventure/adventuring_time": {
    "criteria": {
      "minecraft:savanna": "2024-08-18 23:35:50 +0000"
    },
    "done": false
  },
  "create_connected:root": {
    "criteria": {
      "0": "2024-08-19 00:33:32 +0000"
    },
    "done": true
  },
  "create:root": {
    "criteria": {
      "0": "2024-08-19 00:33:32 +0000"
    },
    "done": true
  },
  "minecraft:recipes/misc/charcoal": {
    "criteria": {
      "has_log": "2024-08-19 00:33:37 +0000"
    },
    "done": true
  },
  "minecraft:recipes/building_blocks/acacia_wood": {
    "criteria": {
      "has_log": "2024-08-19 00:33:37 +0000"
    },
    "done": true
  },
  "minecraft:recipes/building_blocks/acacia_planks": {
    "criteria": {
      "has_log": "2024-08-19 00:33:37 +0000"
    },
    "done": true
  },
  "minecraft:adventure/root": {
    "criteria": {
      "killed_by_something": "2024-08-19 00:34:03 +0000"
    },
    "done": true
  },
  "tombstone:adventure/root": {
    "criteria": {
      "auto": "2024-08-19 00:41:07 +0000"
    },
    "done": true
  },
  "DataVersion": 3465
}